review_id,product_id,customer_id,rating,review_text,review_date
1,16,1516,4,"Customer service was excellent, product too.",03-03-2024
2,1516,1516,4,"Customer service was excellent, product too.",08-01-2024
3,1566,9066,1,Basic functionality but reliable.,23-03-2024
4,66,9066,1,Basic functionality but reliable.,25-03-2024
5,1522,1522,3,Better than similar products I have tried.,03-03-2024
6,22,1522,3,Better than similar products I have tried.,23-09-2024
7,1508,3008,2,"Fantastic, exactly what I needed.",03-05-2024
8,8,3008,2,"Fantastic, exactly what I needed.",27-02-2024
9,1560,60,1,Definitely recommend to others.,13-12-2023
10,60,60,1,Definitely recommend to others.,04-11-2024
11,12,7512,4,Could be better for the price point.,16-01-2024
12,1512,7512,4,Could be better for the price point.,13-11-2024
13,1521,21,2,Exactly what I was looking for.,24-06-2024
14,21,21,2,Exactly what I was looking for.,12-07-2024
15,10,7510,2,Very impressed with the build quality.,19-01-2024
16,1510,7510,2,Very impressed with the build quality.,30-12-2023
17,31,1531,2,"Not as described, slightly disappointed.",11-11-2024
18,1531,1531,2,"Not as described, slightly disappointed.",28-04-2024
19,37,4537,5,"Does the basics well, nothing fancy.",08-06-2024
20,1537,4537,5,"Does the basics well, nothing fancy.",28-12-2023
21,1550,7550,3,Outstanding quality and design.,16-10-2024
22,50,7550,3,Outstanding quality and design.,18-03-2024
23,75,1575,5,Could use some improvements.,05-07-2024
24,1575,1575,5,Could use some improvements.,20-04-2024
25,1522,9022,3,Better than similar products I have tried.,29-02-2024
26,22,9022,3,Better than similar products I have tried.,04-01-2024
27,25,1525,1,Decent product but overpriced.,20-12-2023
28,1525,1525,1,Decent product but overpriced.,11-12-2023
29,1530,7530,3,Absolutely love this product!,04-12-2023
30,30,7530,3,Absolutely love this product!,22-01-2024
31,1550,9050,3,Outstanding quality and design.,30-08-2024
32,50,9050,3,Outstanding quality and design.,06-11-2024
33,72,72,5,Really impressed with the quality.,05-10-2024
34,1572,72,5,Really impressed with the quality.,09-11-2024
35,1556,9056,1,Love the design and functionality.,11-05-2024
36,56,9056,1,Love the design and functionality.,30-05-2024
37,25,9025,1,Decent product but overpriced.,13-02-2024
38,1525,9025,1,Decent product but overpriced.,31-05-2024
39,1521,1521,2,Exactly what I was looking for.,02-11-2024
40,21,1521,2,Exactly what I was looking for.,11-11-2024
41,1520,7520,3,"Not worth the money, save your cash.",27-12-2023
42,20,7520,3,"Not worth the money, save your cash.",19-04-2024
43,1511,6011,4,"Shipping was fast, product works great!",28-04-2024
44,11,6011,4,"Shipping was fast, product works great!",25-04-2024
45,16,6016,4,"Customer service was excellent, product too.",04-04-2024
46,1516,6016,4,"Customer service was excellent, product too.",19-10-2024
47,1560,3060,1,Definitely recommend to others.,08-09-2024
48,60,3060,1,Definitely recommend to others.,01-10-2024
49,38,9038,4,Worth every penny spent.,14-10-2024
50,1538,9038,4,Worth every penny spent.,14-07-2024
51,24,7524,5,Would give it 6 stars if I could!,04-11-2024
52,1524,7524,5,Would give it 6 stars if I could!,30-05-2024
53,1567,3067,4,Impressive attention to detail.,18-12-2023
54,67,3067,4,Impressive attention to detail.,11-06-2024
55,7,7507,3,Amazing! Exceeded my expectations.,19-10-2024
56,1507,7507,3,Amazing! Exceeded my expectations.,30-05-2024
57,1544,7544,5,Minor issues but works as intended.,23-07-2024
58,44,7544,5,Minor issues but works as intended.,27-07-2024
59,9,9,2,"It is okay, does the job.",02-05-2024
60,1509,9,2,"It is okay, does the job.",01-03-2024
61,1533,1533,4,Good product but shipping took forever.,24-08-2024
62,33,1533,4,Good product but shipping took forever.,14-02-2024
63,37,3037,5,"Does the basics well, nothing fancy.",22-10-2024
64,1537,3037,5,"Does the basics well, nothing fancy.",02-03-2024
65,31,4531,2,"Not as described, slightly disappointed.",28-03-2024
66,1531,4531,2,"Not as described, slightly disappointed.",07-02-2024
67,1555,55,3,"Decent build quality, fair price.",18-09-2024
68,55,55,3,"Decent build quality, fair price.",20-10-2024
69,1533,7533,4,Good product but shipping took forever.,19-12-2023
70,33,7533,4,Good product but shipping took forever.,04-04-2024
71,27,4527,5,Had some issues but support was helpful.,11-07-2024
72,1527,4527,5,Had some issues but support was helpful.,12-09-2024
73,49,4549,1,"Not the best, but gets the job done.",04-07-2024
74,1549,4549,1,"Not the best, but gets the job done.",07-03-2024
75,1535,1535,4,Quality control needs improvement.,11-04-2024
76,35,1535,4,Quality control needs improvement.,21-03-2024
77,32,6032,5,"Functions perfectly, no issues so far.",06-04-2024
78,1532,6032,5,"Functions perfectly, no issues so far.",20-10-2024
79,79,7579,1,Would definitely buy again!,01-12-2023
80,1579,7579,1,Would definitely buy again!,24-05-2024
81,1560,6060,1,Definitely recommend to others.,09-11-2024
82,60,6060,1,Definitely recommend to others.,28-10-2024
83,1574,4574,2,"Fantastic product, fast shipping.",13-12-2023
84,74,4574,2,"Fantastic product, fast shipping.",07-03-2024
85,1520,6020,3,"Not worth the money, save your cash.",17-04-2024
86,20,6020,3,"Not worth the money, save your cash.",11-03-2024
87,1521,6021,2,Exactly what I was looking for.,20-04-2024
88,21,6021,2,Exactly what I was looking for.,17-09-2024
89,51,6051,1,Mixed feelings about this one.,08-08-2024
90,1551,6051,1,Mixed feelings about this one.,13-03-2024
91,1521,7521,2,Exactly what I was looking for.,21-03-2024
92,21,7521,2,Exactly what I was looking for.,12-06-2024
93,1519,19,5,"Works as advertised, no complaints.",29-04-2024
94,19,19,5,"Works as advertised, no complaints.",28-02-2024
95,47,1547,1,Perfect addition to my setup.,07-09-2024
96,1547,1547,1,Perfect addition to my setup.,16-03-2024
97,49,3049,1,"Not the best, but gets the job done.",04-10-2024
98,1549,3049,1,"Not the best, but gets the job done.",12-03-2024
99,70,3070,3,Met my expectations perfectly.,17-07-2024
100,1570,3070,3,Met my expectations perfectly.,17-05-2024
101,1562,4562,2,"Good product, slow delivery.",20-01-2024
102,62,4562,2,"Good product, slow delivery.",10-07-2024
103,1533,6033,4,Good product but shipping took forever.,22-01-2024
104,33,6033,4,Good product but shipping took forever.,18-04-2024
105,1545,9045,2,Exceeded my expectations completely.,28-11-2023
106,45,9045,2,Exceeded my expectations completely.,23-06-2024
107,38,6038,4,Worth every penny spent.,16-02-2024
108,1538,6038,4,Worth every penny spent.,04-07-2024
109,6,6006,1,"The item broke after a week, not happy.",07-11-2024
110,1506,6006,1,"The item broke after a week, not happy.",18-01-2024
111,1515,7515,3,"Lasted longer than expected, good purchase.",08-09-2024
112,15,7515,3,"Lasted longer than expected, good purchase.",03-09-2024
113,75,6075,5,Could use some improvements.,15-07-2024
114,1575,6075,5,Could use some improvements.,06-03-2024
115,1576,6076,3,"Great features, worth the wait.",23-05-2024
116,76,6076,3,"Great features, worth the wait.",23-01-2024
117,38,7538,4,Worth every penny spent.,02-08-2024
118,1538,7538,4,Worth every penny spent.,23-10-2024
119,1546,7546,2,"Just average, nothing remarkable.",15-11-2024
120,46,7546,2,"Just average, nothing remarkable.",02-05-2024
121,28,3028,1,"Solid construction, feels durable.",24-08-2024
122,1528,3028,1,"Solid construction, feels durable.",16-12-2023
123,3,7503,1,"Excellent quality, would buy again.",21-04-2024
124,1503,7503,1,"Excellent quality, would buy again.",14-04-2024
125,69,7569,1,Amazing value for the features.,21-03-2024
126,1569,7569,1,Amazing value for the features.,12-04-2024
127,24,24,5,Would give it 6 stars if I could!,31-03-2024
128,1524,24,5,Would give it 6 stars if I could!,28-09-2024
129,79,3079,1,Would definitely buy again!,18-02-2024
130,1579,3079,1,Would definitely buy again!,03-07-2024
131,1541,6041,3,Expected better quality materials.,15-07-2024
132,41,6041,3,Expected better quality materials.,02-05-2024
133,1526,4526,1,"Easy to use, great features.",14-09-2024
134,26,4526,1,"Easy to use, great features.",07-11-2024
135,1517,6017,5,Disappointed with the overall quality.,26-06-2024
136,17,6017,5,Disappointed with the overall quality.,29-05-2024
137,3,9003,1,"Excellent quality, would buy again.",14-05-2024
138,1503,9003,1,"Excellent quality, would buy again.",02-11-2024
139,1563,4563,4,Happy with the performance so far.,26-04-2024
140,63,4563,4,Happy with the performance so far.,14-07-2024
141,1517,17,5,Disappointed with the overall quality.,30-07-2024
142,17,17,5,Disappointed with the overall quality.,08-04-2024
143,1514,4514,2,"Average product, nothing special.",02-01-2024
144,14,4514,2,"Average product, nothing special.",28-09-2024
145,1545,45,2,Exceeded my expectations completely.,22-01-2024
146,45,45,2,Exceeded my expectations completely.,28-09-2024
147,1501,7501,4,"Great product, very satisfied!",14-06-2024
148,1,7501,4,"Great product, very satisfied!",06-07-2024
149,40,7540,2,Impressive features for the price.,05-11-2024
150,1540,7540,2,Impressive features for the price.,09-01-2024
151,1562,1562,2,"Good product, slow delivery.",17-09-2024
152,62,1562,2,"Good product, slow delivery.",16-12-2023
153,64,4564,2,Not quite what I was hoping for.,16-07-2024
154,1564,4564,2,Not quite what I was hoping for.,16-08-2024
155,28,1528,1,"Solid construction, feels durable.",24-06-2024
156,1528,1528,1,"Solid construction, feels durable.",21-05-2024
157,34,9034,4,Really happy with this purchase.,13-08-2024
158,1534,9034,4,Really happy with this purchase.,19-10-2024
159,1511,11,4,"Shipping was fast, product works great!",08-11-2024
160,11,11,4,"Shipping was fast, product works great!",12-08-2024
161,31,3031,2,"Not as described, slightly disappointed.",15-05-2024
162,1531,3031,2,"Not as described, slightly disappointed.",24-04-2024
163,78,9078,1,Good quality but instructions unclear.,01-06-2024
164,1578,9078,1,Good quality but instructions unclear.,01-07-2024
165,1548,4548,4,Wish I had bought this sooner!,21-10-2024
166,48,4548,4,Wish I had bought this sooner!,05-08-2024
167,71,4571,5,Solid product despite minor flaws.,29-07-2024
168,1571,4571,5,Solid product despite minor flaws.,21-08-2024
169,1501,3001,4,"Great product, very satisfied!",04-04-2024
170,1,3001,4,"Great product, very satisfied!",08-03-2024
171,16,9016,4,"Customer service was excellent, product too.",17-03-2024
172,1516,9016,4,"Customer service was excellent, product too.",15-05-2024
173,1573,1573,5,Works well but expensive for what it is.,30-10-2024
174,73,1573,5,Works well but expensive for what it is.,15-11-2024
175,75,9075,5,Could use some improvements.,19-01-2024
176,1575,9075,5,Could use some improvements.,16-08-2024
177,43,1543,3,"Great value, pleasantly surprised.",04-05-2024
178,1543,1543,3,"Great value, pleasantly surprised.",05-05-2024
179,9,9009,2,"It is okay, does the job.",20-11-2023
180,1509,9009,2,"It is okay, does the job.",25-11-2023
181,70,70,3,Met my expectations perfectly.,24-11-2023
182,1570,70,3,Met my expectations perfectly.,12-04-2024
183,1546,1546,2,"Just average, nothing remarkable.",01-11-2024
184,46,1546,2,"Just average, nothing remarkable.",19-09-2024
185,34,6034,4,Really happy with this purchase.,27-08-2024
186,1534,6034,4,Really happy with this purchase.,08-02-2024
187,7,6007,3,Amazing! Exceeded my expectations.,08-04-2024
188,1507,6007,3,Amazing! Exceeded my expectations.,12-07-2024
189,72,6072,5,Really impressed with the quality.,31-12-2023
190,1572,6072,5,Really impressed with the quality.,01-02-2024
191,1501,9001,4,"Great product, very satisfied!",08-07-2024
192,1,9001,4,"Great product, very satisfied!",03-06-2024
193,1545,3045,2,Exceeded my expectations completely.,23-09-2024
194,45,3045,2,Exceeded my expectations completely.,21-02-2024
195,43,43,3,"Great value, pleasantly surprised.",22-11-2023
196,1543,43,3,"Great value, pleasantly surprised.",22-05-2024
197,1514,6014,2,"Average product, nothing special.",18-06-2024
198,14,6014,2,"Average product, nothing special.",06-03-2024
199,51,7551,1,Mixed feelings about this one.,14-04-2024
200,1551,7551,1,Mixed feelings about this one.,19-09-2024
201,1501,1,4,"Great product, very satisfied!",02-07-2024
202,1,1,4,"Great product, very satisfied!",06-03-2024
203,1548,9048,4,Wish I had bought this sooner!,16-09-2024
204,48,9048,4,Wish I had bought this sooner!,18-08-2024
205,43,3043,3,"Great value, pleasantly surprised.",16-06-2024
206,1543,3043,3,"Great value, pleasantly surprised.",24-08-2024
207,36,3036,2,Outstanding performance and reliability.,06-11-2024
208,1536,3036,2,Outstanding performance and reliability.,06-07-2024
209,34,7534,4,Really happy with this purchase.,12-11-2024
210,1534,7534,4,Really happy with this purchase.,05-09-2024
211,71,1571,5,Solid product despite minor flaws.,18-08-2024
212,1571,1571,5,Solid product despite minor flaws.,17-09-2024
213,47,3047,1,Perfect addition to my setup.,08-03-2024
214,1547,3047,1,Perfect addition to my setup.,26-06-2024
215,2,7502,1,"Not what I expected, but still decent.",26-08-2024
216,1502,7502,1,"Not what I expected, but still decent.",29-04-2024
217,25,25,1,Decent product but overpriced.,12-07-2024
218,1525,25,1,Decent product but overpriced.,25-02-2024
219,1555,3055,3,"Decent build quality, fair price.",08-12-2023
220,55,3055,3,"Decent build quality, fair price.",27-03-2024
221,23,1523,1,Nice design but functionality is lacking.,17-01-2024
222,1523,1523,1,Nice design but functionality is lacking.,06-12-2023
223,40,4540,2,Impressive features for the price.,19-03-2024
224,1540,4540,2,Impressive features for the price.,28-06-2024
225,36,1536,2,Outstanding performance and reliability.,13-10-2024
226,1536,1536,2,Outstanding performance and reliability.,30-07-2024
227,1559,1559,2,Started strong but deteriorated quickly.,01-04-2024
228,59,1559,2,Started strong but deteriorated quickly.,20-04-2024
229,2,1502,1,"Not what I expected, but still decent.",12-03-2024
230,1502,1502,1,"Not what I expected, but still decent.",23-04-2024
231,1548,6048,4,Wish I had bought this sooner!,23-10-2024
232,48,6048,4,Wish I had bought this sooner!,17-10-2024
233,18,7518,2,Best purchase I have made this year!,27-06-2024
234,1518,7518,2,Best purchase I have made this year!,08-04-2024
235,57,1557,3,Some improvements needed but good overall.,03-12-2023
236,1557,1557,3,Some improvements needed but good overall.,11-09-2024
237,47,7547,1,Perfect addition to my setup.,21-04-2024
238,1547,7547,1,Perfect addition to my setup.,19-03-2024
239,77,9077,2,Satisfied with the purchase overall.,24-10-2024
240,1577,9077,2,Satisfied with the purchase overall.,11-01-2024
241,1514,1514,2,"Average product, nothing special.",06-11-2024
242,14,1514,2,"Average product, nothing special.",22-10-2024
243,78,3078,1,Good quality but instructions unclear.,12-10-2024
244,1578,3078,1,Good quality but instructions unclear.,07-02-2024
245,7,4507,3,Amazing! Exceeded my expectations.,09-04-2024
246,1507,4507,3,Amazing! Exceeded my expectations.,26-09-2024
247,7,3007,3,Amazing! Exceeded my expectations.,21-07-2024
248,1507,3007,3,Amazing! Exceeded my expectations.,05-08-2024
249,75,3075,5,Could use some improvements.,28-06-2024
250,1575,3075,5,Could use some improvements.,02-06-2024
251,70,4570,3,Met my expectations perfectly.,05-01-2024
252,1570,4570,3,Met my expectations perfectly.,15-12-2023
253,40,3040,2,Impressive features for the price.,15-01-2024
254,1540,3040,2,Impressive features for the price.,25-09-2024
255,28,9028,1,"Solid construction, feels durable.",20-04-2024
256,1528,9028,1,"Solid construction, feels durable.",21-04-2024
257,1574,7574,2,"Fantastic product, fast shipping.",08-01-2024
258,74,7574,2,"Fantastic product, fast shipping.",06-11-2024
259,1554,1554,2,Lives up to the hype completely.,02-10-2024
260,54,1554,2,Lives up to the hype completely.,25-08-2024
261,1574,3074,2,"Fantastic product, fast shipping.",16-09-2024
262,74,3074,2,"Fantastic product, fast shipping.",14-12-2023
263,69,4569,1,Amazing value for the features.,29-10-2024
264,1569,4569,1,Amazing value for the features.,02-01-2024
265,69,69,1,Amazing value for the features.,31-12-2023
266,1569,69,1,Amazing value for the features.,23-05-2024
267,49,1549,1,"Not the best, but gets the job done.",23-07-2024
268,1549,1549,1,"Not the best, but gets the job done.",02-07-2024
269,1559,9059,2,Started strong but deteriorated quickly.,12-10-2024
270,59,9059,2,Started strong but deteriorated quickly.,30-06-2024
271,64,1564,2,Not quite what I was hoping for.,10-01-2024
272,1564,1564,2,Not quite what I was hoping for.,22-05-2024
273,1567,9067,4,Impressive attention to detail.,08-08-2024
274,67,9067,4,Impressive attention to detail.,21-09-2024
275,1562,62,2,"Good product, slow delivery.",03-07-2024
276,62,62,2,"Good product, slow delivery.",22-06-2024
277,29,6029,1,"Pretty good, room for improvement though.",14-10-2024
278,1529,6029,1,"Pretty good, room for improvement though.",02-11-2024
279,43,9043,3,"Great value, pleasantly surprised.",29-11-2023
280,1543,9043,3,"Great value, pleasantly surprised.",26-06-2024
281,42,4542,5,Simple to set up and use daily.,01-07-2024
282,1542,4542,5,Simple to set up and use daily.,02-07-2024
283,3,3,1,"Excellent quality, would buy again.",31-05-2024
284,1503,3,1,"Excellent quality, would buy again.",15-07-2024
285,1558,9058,3,Excellent product for daily use.,08-03-2024
286,58,9058,3,Excellent product for daily use.,26-02-2024
287,13,4513,5,"Perfect for my needs, highly recommend.",30-11-2023
288,1513,4513,5,"Perfect for my needs, highly recommend.",28-07-2024
289,1505,5,1,Good value for the price.,25-12-2023
290,5,5,1,Good value for the price.,21-08-2024
291,6,7506,1,"The item broke after a week, not happy.",08-06-2024
292,1506,7506,1,"The item broke after a week, not happy.",12-12-2023
293,68,7568,3,Needs some refinement but promising.,29-10-2024
294,1568,7568,3,Needs some refinement but promising.,05-07-2024
295,1560,7560,1,Definitely recommend to others.,29-07-2024
296,60,7560,1,Definitely recommend to others.,18-09-2024
297,9,4509,2,"It is okay, does the job.",15-12-2023
298,1509,4509,2,"It is okay, does the job.",14-11-2024
299,12,6012,4,Could be better for the price point.,21-09-2024
300,1512,6012,4,Could be better for the price point.,08-10-2024
301,1505,6005,1,Good value for the price.,24-06-2024
302,5,6005,1,Good value for the price.,09-03-2024
303,1566,4566,1,Basic functionality but reliable.,08-11-2024
304,66,4566,1,Basic functionality but reliable.,25-05-2024
305,42,7542,5,Simple to set up and use daily.,13-11-2024
306,1542,7542,5,Simple to set up and use daily.,27-04-2024
307,1555,1555,3,"Decent build quality, fair price.",03-02-2024
308,55,1555,3,"Decent build quality, fair price.",24-01-2024
309,68,68,3,Needs some refinement but promising.,29-01-2024
310,1568,68,3,Needs some refinement but promising.,22-01-2024
311,1522,22,3,Better than similar products I have tried.,29-01-2024
312,22,22,3,Better than similar products I have tried.,15-07-2024
313,1541,41,3,Expected better quality materials.,30-12-2023
314,41,41,3,Expected better quality materials.,29-03-2024
315,1519,7519,5,"Works as advertised, no complaints.",18-03-2024
316,19,7519,5,"Works as advertised, no complaints.",13-12-2023
317,1501,1501,4,"Great product, very satisfied!",21-10-2024
318,1,1501,4,"Great product, very satisfied!",29-02-2024
319,71,6071,5,Solid product despite minor flaws.,06-08-2024
320,1571,6071,5,Solid product despite minor flaws.,05-09-2024
321,1520,20,3,"Not worth the money, save your cash.",17-11-2023
322,20,20,3,"Not worth the money, save your cash.",04-09-2024
323,27,1527,5,Had some issues but support was helpful.,27-04-2024
324,1527,1527,5,Had some issues but support was helpful.,26-03-2024
325,34,34,4,Really happy with this purchase.,21-02-2024
326,1534,34,4,Really happy with this purchase.,10-07-2024
327,3,3003,1,"Excellent quality, would buy again.",14-09-2024
328,1503,3003,1,"Excellent quality, would buy again.",15-11-2024
329,29,29,1,"Pretty good, room for improvement though.",28-08-2024
330,1529,29,1,"Pretty good, room for improvement though.",02-11-2024
331,1511,1511,4,"Shipping was fast, product works great!",24-09-2024
332,11,1511,4,"Shipping was fast, product works great!",30-04-2024
333,12,4512,4,Could be better for the price point.,07-12-2023
334,1512,4512,4,Could be better for the price point.,14-02-2024
335,9,6009,2,"It is okay, does the job.",10-04-2024
336,1509,6009,2,"It is okay, does the job.",30-07-2024
337,1522,3022,3,Better than similar products I have tried.,05-11-2024
338,22,3022,3,Better than similar products I have tried.,14-11-2024
339,39,9039,1,Some flaws but overall satisfactory.,29-02-2024
340,1539,9039,1,Some flaws but overall satisfactory.,01-02-2024
341,1530,30,3,Absolutely love this product!,05-12-2023
342,30,30,3,Absolutely love this product!,25-04-2024
343,1504,3004,1,The product arrived late but works well.,05-12-2023
344,4,3004,1,The product arrived late but works well.,03-10-2024
345,57,4557,3,Some improvements needed but good overall.,14-04-2024
346,1557,4557,3,Some improvements needed but good overall.,04-10-2024
347,1541,9041,3,Expected better quality materials.,24-12-2023
348,41,9041,3,Expected better quality materials.,21-02-2024
349,1533,9033,4,Good product but shipping took forever.,05-12-2023
350,33,9033,4,Good product but shipping took forever.,07-07-2024
351,1552,1552,2,"Reliable product, no regrets.",05-01-2024
352,52,1552,2,"Reliable product, no regrets.",30-05-2024
353,28,6028,1,"Solid construction, feels durable.",01-07-2024
354,1528,6028,1,"Solid construction, feels durable.",16-09-2024
355,51,9051,1,Mixed feelings about this one.,17-11-2023
356,1551,9051,1,Mixed feelings about this one.,08-09-2024
357,1541,1541,3,Expected better quality materials.,08-02-2024
358,41,1541,3,Expected better quality materials.,22-03-2024
359,61,3061,4,Better than I anticipated.,06-07-2024
360,1561,3061,4,Better than I anticipated.,29-08-2024
361,51,51,1,Mixed feelings about this one.,28-04-2024
362,1551,51,1,Mixed feelings about this one.,18-04-2024
363,70,9070,3,Met my expectations perfectly.,24-05-2024
364,1570,9070,3,Met my expectations perfectly.,08-07-2024
365,1556,1556,1,Love the design and functionality.,24-12-2023
366,56,1556,1,Love the design and functionality.,15-09-2024
367,1530,6030,3,Absolutely love this product!,18-11-2023
368,30,6030,3,Absolutely love this product!,14-10-2024
369,23,6023,1,Nice design but functionality is lacking.,26-04-2024
370,1523,6023,1,Nice design but functionality is lacking.,29-08-2024
371,1554,3054,2,Lives up to the hype completely.,14-05-2024
372,54,3054,2,Lives up to the hype completely.,28-02-2024
373,38,1538,4,Worth every penny spent.,25-09-2024
374,1538,1538,4,Worth every penny spent.,30-11-2023
375,1558,1558,3,Excellent product for daily use.,19-02-2024
376,58,1558,3,Excellent product for daily use.,12-08-2024
377,1504,1504,1,The product arrived late but works well.,13-04-2024
378,4,1504,1,The product arrived late but works well.,24-11-2023
379,78,6078,1,Good quality but instructions unclear.,12-08-2024
380,1578,6078,1,Good quality but instructions unclear.,30-12-2023
381,64,64,2,Not quite what I was hoping for.,03-01-2024
382,1564,64,2,Not quite what I was hoping for.,03-08-2024
383,1553,7553,5,Good features but poor execution.,17-10-2024
384,53,7553,5,Good features but poor execution.,29-01-2024
385,1566,3066,1,Basic functionality but reliable.,03-08-2024
386,66,3066,1,Basic functionality but reliable.,29-03-2024
387,1517,7517,5,Disappointed with the overall quality.,17-08-2024
388,17,7517,5,Disappointed with the overall quality.,12-08-2024
389,6,6,1,"The item broke after a week, not happy.",15-07-2024
390,1506,6,1,"The item broke after a week, not happy.",05-04-2024
391,1511,9011,4,"Shipping was fast, product works great!",19-03-2024
392,11,9011,4,"Shipping was fast, product works great!",08-09-2024
393,57,57,3,Some improvements needed but good overall.,26-03-2024
394,1557,57,3,Some improvements needed but good overall.,06-02-2024
395,1517,1517,5,Disappointed with the overall quality.,10-02-2024
396,17,1517,5,Disappointed with the overall quality.,30-04-2024
397,1553,53,5,Good features but poor execution.,14-04-2024
398,53,53,5,Good features but poor execution.,11-01-2024
399,27,3027,5,Had some issues but support was helpful.,26-04-2024
400,1527,3027,5,Had some issues but support was helpful.,05-07-2024
401,1519,1519,5,"Works as advertised, no complaints.",03-04-2024
402,19,1519,5,"Works as advertised, no complaints.",10-01-2024
403,1555,4555,3,"Decent build quality, fair price.",30-09-2024
404,55,4555,3,"Decent build quality, fair price.",02-05-2024
405,1522,4522,3,Better than similar products I have tried.,16-12-2023
406,22,4522,3,Better than similar products I have tried.,12-12-2023
407,1558,58,3,Excellent product for daily use.,06-02-2024
408,58,58,3,Excellent product for daily use.,19-01-2024
409,1553,6053,5,Good features but poor execution.,08-04-2024
410,53,6053,5,Good features but poor execution.,02-01-2024
411,18,3018,2,Best purchase I have made this year!,21-05-2024
412,1518,3018,2,Best purchase I have made this year!,26-09-2024
413,1576,7576,3,"Great features, worth the wait.",31-05-2024
414,76,7576,3,"Great features, worth the wait.",14-09-2024
415,16,16,4,"Customer service was excellent, product too.",02-10-2024
416,1516,16,4,"Customer service was excellent, product too.",14-04-2024
417,1530,9030,3,Absolutely love this product!,06-07-2024
418,30,9030,3,Absolutely love this product!,04-01-2024
419,65,9065,2,Superior quality compared to competitors.,25-11-2023
420,1565,9065,2,Superior quality compared to competitors.,15-07-2024
421,78,1578,1,Good quality but instructions unclear.,04-02-2024
422,1578,1578,1,Good quality but instructions unclear.,21-05-2024
423,1522,7522,3,Better than similar products I have tried.,22-03-2024
424,22,7522,3,Better than similar products I have tried.,28-01-2024
425,1505,1505,1,Good value for the price.,27-09-2024
426,5,1505,1,Good value for the price.,10-01-2024
427,27,7527,5,Had some issues but support was helpful.,03-07-2024
428,1527,7527,5,Had some issues but support was helpful.,03-02-2024
429,1559,7559,2,Started strong but deteriorated quickly.,12-04-2024
430,59,7559,2,Started strong but deteriorated quickly.,08-09-2024
431,1544,1544,5,Minor issues but works as intended.,18-12-2023
432,44,1544,5,Minor issues but works as intended.,24-07-2024
433,34,1534,4,Really happy with this purchase.,22-04-2024
434,1534,1534,4,Really happy with this purchase.,29-09-2024
435,3,4503,1,"Excellent quality, would buy again.",18-08-2024
436,1503,4503,1,"Excellent quality, would buy again.",07-08-2024
437,2,4502,1,"Not what I expected, but still decent.",22-02-2024
438,1502,4502,1,"Not what I expected, but still decent.",01-08-2024
439,6,9006,1,"The item broke after a week, not happy.",08-10-2024
440,1506,9006,1,"The item broke after a week, not happy.",25-09-2024
441,3,1503,1,"Excellent quality, would buy again.",21-10-2024
442,1503,1503,1,"Excellent quality, would buy again.",16-11-2024
443,1515,4515,3,"Lasted longer than expected, good purchase.",12-07-2024
444,15,4515,3,"Lasted longer than expected, good purchase.",10-01-2024
445,13,6013,5,"Perfect for my needs, highly recommend.",12-03-2024
446,1513,6013,5,"Perfect for my needs, highly recommend.",27-10-2024
447,68,1568,3,Needs some refinement but promising.,17-02-2024
448,1568,1568,3,Needs some refinement but promising.,07-04-2024
449,1563,1563,4,Happy with the performance so far.,14-08-2024
450,63,1563,4,Happy with the performance so far.,30-12-2023
451,6,4506,1,"The item broke after a week, not happy.",22-06-2024
452,1506,4506,1,"The item broke after a week, not happy.",08-04-2024
453,18,1518,2,Best purchase I have made this year!,16-05-2024
454,1518,1518,2,Best purchase I have made this year!,23-12-2023
455,25,3025,1,Decent product but overpriced.,19-08-2024
456,1525,3025,1,Decent product but overpriced.,08-05-2024
457,1567,4567,4,Impressive attention to detail.,18-12-2023
458,67,4567,4,Impressive attention to detail.,06-11-2024
459,12,1512,4,Could be better for the price point.,02-11-2024
460,1512,1512,4,Could be better for the price point.,11-01-2024
461,1511,3011,4,"Shipping was fast, product works great!",07-11-2024
462,11,3011,4,"Shipping was fast, product works great!",12-06-2024
463,1514,14,2,"Average product, nothing special.",31-08-2024
464,14,14,2,"Average product, nothing special.",22-10-2024
465,1555,9055,3,"Decent build quality, fair price.",15-12-2023
466,55,9055,3,"Decent build quality, fair price.",16-05-2024
467,1559,3059,2,Started strong but deteriorated quickly.,26-09-2024
468,59,3059,2,Started strong but deteriorated quickly.,03-03-2024
469,1535,3035,4,Quality control needs improvement.,12-02-2024
470,35,3035,4,Quality control needs improvement.,04-04-2024
471,1576,3076,3,"Great features, worth the wait.",05-01-2024
472,76,3076,3,"Great features, worth the wait.",23-11-2023
473,57,3057,3,Some improvements needed but good overall.,11-10-2024
474,1557,3057,3,Some improvements needed but good overall.,02-06-2024
475,75,75,5,Could use some improvements.,09-01-2024
476,1575,75,5,Could use some improvements.,03-01-2024
477,1574,1574,2,"Fantastic product, fast shipping.",10-05-2024
478,74,1574,2,"Fantastic product, fast shipping.",26-02-2024
479,38,4538,4,Worth every penny spent.,15-06-2024
480,1538,4538,4,Worth every penny spent.,06-09-2024
481,23,4523,1,Nice design but functionality is lacking.,11-12-2023
482,1523,4523,1,Nice design but functionality is lacking.,06-02-2024
483,72,3072,5,Really impressed with the quality.,19-02-2024
484,1572,3072,5,Really impressed with the quality.,29-07-2024
485,51,3051,1,Mixed feelings about this one.,05-01-2024
486,1551,3051,1,Mixed feelings about this one.,08-01-2024
487,47,47,1,Perfect addition to my setup.,03-07-2024
488,1547,47,1,Perfect addition to my setup.,23-05-2024
489,77,1577,2,Satisfied with the purchase overall.,13-03-2024
490,1577,1577,2,Satisfied with the purchase overall.,09-04-2024
491,1508,6008,2,"Fantastic, exactly what I needed.",15-06-2024
492,8,6008,2,"Fantastic, exactly what I needed.",15-03-2024
493,1535,35,4,Quality control needs improvement.,15-06-2024
494,35,35,4,Quality control needs improvement.,19-08-2024
495,1530,1530,3,Absolutely love this product!,26-09-2024
496,30,1530,3,Absolutely love this product!,13-04-2024
497,38,38,4,Worth every penny spent.,03-09-2024
498,1538,38,4,Worth every penny spent.,30-04-2024
499,32,32,5,"Functions perfectly, no issues so far.",27-01-2024
500,1532,32,5,"Functions perfectly, no issues so far.",25-12-2023
501,23,9023,1,Nice design but functionality is lacking.,06-11-2024
502,1523,9023,1,Nice design but functionality is lacking.,27-10-2024
503,24,3024,5,Would give it 6 stars if I could!,05-03-2024
504,1524,3024,5,Would give it 6 stars if I could!,12-06-2024
505,49,49,1,"Not the best, but gets the job done.",21-03-2024
506,1549,49,1,"Not the best, but gets the job done.",18-04-2024
507,68,9068,3,Needs some refinement but promising.,19-09-2024
508,1568,9068,3,Needs some refinement but promising.,21-05-2024
509,7,9007,3,Amazing! Exceeded my expectations.,11-03-2024
510,1507,9007,3,Amazing! Exceeded my expectations.,13-03-2024
511,1559,6059,2,Started strong but deteriorated quickly.,17-12-2023
512,59,6059,2,Started strong but deteriorated quickly.,11-10-2024
513,1519,9019,5,"Works as advertised, no complaints.",31-05-2024
514,19,9019,5,"Works as advertised, no complaints.",09-04-2024
515,1517,3017,5,Disappointed with the overall quality.,05-11-2024
516,17,3017,5,Disappointed with the overall quality.,25-06-2024
517,40,1540,2,Impressive features for the price.,22-12-2023
518,1540,1540,2,Impressive features for the price.,22-09-2024
519,1556,6056,1,Love the design and functionality.,20-06-2024
520,56,6056,1,Love the design and functionality.,03-08-2024
521,31,6031,2,"Not as described, slightly disappointed.",31-08-2024
522,1531,6031,2,"Not as described, slightly disappointed.",18-01-2024
523,1558,7558,3,Excellent product for daily use.,29-11-2023
524,58,7558,3,Excellent product for daily use.,23-02-2024
525,1526,6026,1,"Easy to use, great features.",02-05-2024
526,26,6026,1,"Easy to use, great features.",31-05-2024
527,1519,6019,5,"Works as advertised, no complaints.",16-08-2024
528,19,6019,5,"Works as advertised, no complaints.",27-07-2024
529,9,3009,2,"It is okay, does the job.",19-06-2024
530,1509,3009,2,"It is okay, does the job.",31-10-2024
531,1515,6015,3,"Lasted longer than expected, good purchase.",27-10-2024
532,15,6015,3,"Lasted longer than expected, good purchase.",08-08-2024
533,29,1529,1,"Pretty good, room for improvement though.",01-06-2024
534,1529,1529,1,"Pretty good, room for improvement though.",01-07-2024
535,13,7513,5,"Perfect for my needs, highly recommend.",22-12-2023
536,1513,7513,5,"Perfect for my needs, highly recommend.",01-05-2024
537,1535,9035,4,Quality control needs improvement.,02-04-2024
538,35,9035,4,Quality control needs improvement.,22-04-2024
539,31,31,2,"Not as described, slightly disappointed.",24-01-2024
540,1531,31,2,"Not as described, slightly disappointed.",06-05-2024
541,36,6036,2,Outstanding performance and reliability.,03-01-2024
542,1536,6036,2,Outstanding performance and reliability.,08-03-2024
543,1546,9046,2,"Just average, nothing remarkable.",01-12-2023
544,46,9046,2,"Just average, nothing remarkable.",16-03-2024
545,1573,6073,5,Works well but expensive for what it is.,10-12-2023
546,73,6073,5,Works well but expensive for what it is.,14-09-2024
547,39,1539,1,Some flaws but overall satisfactory.,07-06-2024
548,1539,1539,1,Some flaws but overall satisfactory.,09-11-2024
549,1556,56,1,Love the design and functionality.,07-06-2024
550,56,56,1,Love the design and functionality.,14-08-2024
551,40,40,2,Impressive features for the price.,22-02-2024
552,1540,40,2,Impressive features for the price.,01-03-2024
553,13,13,5,"Perfect for my needs, highly recommend.",08-08-2024
554,1513,13,5,"Perfect for my needs, highly recommend.",23-11-2023
555,10,6010,2,Very impressed with the build quality.,04-03-2024
556,1510,6010,2,Very impressed with the build quality.,15-07-2024
557,69,9069,1,Amazing value for the features.,22-05-2024
558,1569,9069,1,Amazing value for the features.,11-11-2024
559,1504,7504,1,The product arrived late but works well.,29-04-2024
560,4,7504,1,The product arrived late but works well.,01-05-2024
561,1573,73,5,Works well but expensive for what it is.,14-08-2024
562,73,73,5,Works well but expensive for what it is.,22-05-2024
563,1558,3058,3,Excellent product for daily use.,14-02-2024
564,58,3058,3,Excellent product for daily use.,02-10-2024
565,6,3006,1,"The item broke after a week, not happy.",16-02-2024
566,1506,3006,1,"The item broke after a week, not happy.",22-08-2024
567,12,3012,4,Could be better for the price point.,10-02-2024
568,1512,3012,4,Could be better for the price point.,04-06-2024
569,71,7571,5,Solid product despite minor flaws.,02-01-2024
570,1571,7571,5,Solid product despite minor flaws.,08-02-2024
571,61,9061,4,Better than I anticipated.,19-11-2023
572,1561,9061,4,Better than I anticipated.,26-03-2024
573,57,9057,3,Some improvements needed but good overall.,08-01-2024
574,1557,9057,3,Some improvements needed but good overall.,27-03-2024
575,1519,3019,5,"Works as advertised, no complaints.",12-05-2024
576,19,3019,5,"Works as advertised, no complaints.",09-02-2024
577,1541,4541,3,Expected better quality materials.,24-11-2023
578,41,4541,3,Expected better quality materials.,10-08-2024
579,1559,59,2,Started strong but deteriorated quickly.,05-10-2024
580,59,59,2,Started strong but deteriorated quickly.,23-04-2024
581,1530,4530,3,Absolutely love this product!,12-01-2024
582,30,4530,3,Absolutely love this product!,04-02-2024
583,39,7539,1,Some flaws but overall satisfactory.,10-04-2024
584,1539,7539,1,Some flaws but overall satisfactory.,24-11-2023
585,43,7543,3,"Great value, pleasantly surprised.",02-11-2024
586,1543,7543,3,"Great value, pleasantly surprised.",18-04-2024
587,3,6003,1,"Excellent quality, would buy again.",03-12-2023
588,1503,6003,1,"Excellent quality, would buy again.",18-05-2024
589,16,4516,4,"Customer service was excellent, product too.",30-04-2024
590,1516,4516,4,"Customer service was excellent, product too.",24-09-2024
591,68,4568,3,Needs some refinement but promising.,31-03-2024
592,1568,4568,3,Needs some refinement but promising.,26-05-2024
593,64,6064,2,Not quite what I was hoping for.,17-03-2024
594,1564,6064,2,Not quite what I was hoping for.,13-11-2024
595,49,6049,1,"Not the best, but gets the job done.",24-04-2024
596,1549,6049,1,"Not the best, but gets the job done.",31-07-2024
597,16,3016,4,"Customer service was excellent, product too.",10-02-2024
598,1516,3016,4,"Customer service was excellent, product too.",22-05-2024
599,61,61,4,Better than I anticipated.,15-03-2024
600,1561,61,4,Better than I anticipated.,18-12-2023
601,32,1532,5,"Functions perfectly, no issues so far.",12-07-2024
602,1532,1532,5,"Functions perfectly, no issues so far.",28-02-2024
603,1526,1526,1,"Easy to use, great features.",17-02-2024
604,26,1526,1,"Easy to use, great features.",18-06-2024
605,1545,7545,2,Exceeded my expectations completely.,09-06-2024
606,45,7545,2,Exceeded my expectations completely.,23-10-2024
607,1521,3021,2,Exactly what I was looking for.,15-11-2024
608,21,3021,2,Exactly what I was looking for.,20-05-2024
609,38,3038,4,Worth every penny spent.,21-04-2024
610,1538,3038,4,Worth every penny spent.,10-03-2024
611,68,3068,3,Needs some refinement but promising.,12-03-2024
612,1568,3068,3,Needs some refinement but promising.,04-01-2024
613,1535,7535,4,Quality control needs improvement.,04-10-2024
614,35,7535,4,Quality control needs improvement.,04-02-2024
615,1522,6022,3,Better than similar products I have tried.,09-08-2024
616,22,6022,3,Better than similar products I have tried.,07-05-2024
617,1553,9053,5,Good features but poor execution.,01-07-2024
618,53,9053,5,Good features but poor execution.,29-01-2024
619,1526,26,1,"Easy to use, great features.",28-06-2024
620,26,26,1,"Easy to use, great features.",06-04-2024
621,37,1537,5,"Does the basics well, nothing fancy.",06-09-2024
622,1537,1537,5,"Does the basics well, nothing fancy.",05-12-2023
623,13,1513,5,"Perfect for my needs, highly recommend.",23-11-2023
624,1513,1513,5,"Perfect for my needs, highly recommend.",11-10-2024
625,1545,1545,2,Exceeded my expectations completely.,25-12-2023
626,45,1545,2,Exceeded my expectations completely.,07-12-2023
627,12,12,4,Could be better for the price point.,07-05-2024
628,1512,12,4,Could be better for the price point.,15-08-2024
629,1574,9074,2,"Fantastic product, fast shipping.",08-07-2024
630,74,9074,2,"Fantastic product, fast shipping.",12-02-2024
631,25,7525,1,Decent product but overpriced.,03-03-2024
632,1525,7525,1,Decent product but overpriced.,24-11-2023
633,23,7523,1,Nice design but functionality is lacking.,29-03-2024
634,1523,7523,1,Nice design but functionality is lacking.,21-11-2023
635,77,7577,2,Satisfied with the purchase overall.,20-10-2024
636,1577,7577,2,Satisfied with the purchase overall.,29-11-2023
637,1548,48,4,Wish I had bought this sooner!,19-12-2023
638,48,48,4,Wish I had bought this sooner!,18-07-2024
639,1535,4535,4,Quality control needs improvement.,03-07-2024
640,35,4535,4,Quality control needs improvement.,25-01-2024
641,1526,7526,1,"Easy to use, great features.",22-03-2024
642,26,7526,1,"Easy to use, great features.",24-12-2023
643,36,9036,2,Outstanding performance and reliability.,24-03-2024
644,1536,9036,2,Outstanding performance and reliability.,17-05-2024
645,1576,76,3,"Great features, worth the wait.",12-09-2024
646,76,76,3,"Great features, worth the wait.",01-06-2024
647,1574,74,2,"Fantastic product, fast shipping.",09-08-2024
648,74,74,2,"Fantastic product, fast shipping.",02-06-2024
649,1520,3020,3,"Not worth the money, save your cash.",30-04-2024
650,20,3020,3,"Not worth the money, save your cash.",17-07-2024
651,69,3069,1,Amazing value for the features.,29-08-2024
652,1569,3069,1,Amazing value for the features.,11-11-2024
653,1552,9052,2,"Reliable product, no regrets.",11-09-2024
654,52,9052,2,"Reliable product, no regrets.",22-11-2023
655,1552,4552,2,"Reliable product, no regrets.",18-12-2023
656,52,4552,2,"Reliable product, no regrets.",24-05-2024
657,1504,9004,1,The product arrived late but works well.,30-08-2024
658,4,9004,1,The product arrived late but works well.,06-04-2024
659,42,1542,5,Simple to set up and use daily.,30-05-2024
660,1542,1542,5,Simple to set up and use daily.,05-06-2024
661,1556,3056,1,Love the design and functionality.,10-03-2024
662,56,3056,1,Love the design and functionality.,23-02-2024
663,1573,7573,5,Works well but expensive for what it is.,25-04-2024
664,73,7573,5,Works well but expensive for what it is.,25-11-2023
665,1567,67,4,Impressive attention to detail.,13-05-2024
666,67,67,4,Impressive attention to detail.,02-07-2024
667,1514,3014,2,"Average product, nothing special.",24-09-2024
668,14,3014,2,"Average product, nothing special.",27-07-2024
669,1544,9044,5,Minor issues but works as intended.,03-07-2024
670,44,9044,5,Minor issues but works as intended.,07-02-2024
671,1550,4550,3,Outstanding quality and design.,12-07-2024
672,50,4550,3,Outstanding quality and design.,28-10-2024
673,70,1570,3,Met my expectations perfectly.,09-11-2024
674,1570,1570,3,Met my expectations perfectly.,01-03-2024
675,10,3010,2,Very impressed with the build quality.,09-09-2024
676,1510,3010,2,Very impressed with the build quality.,26-09-2024
677,1566,1566,1,Basic functionality but reliable.,11-08-2024
678,66,1566,1,Basic functionality but reliable.,12-11-2024
679,36,4536,2,Outstanding performance and reliability.,20-02-2024
680,1536,4536,2,Outstanding performance and reliability.,12-12-2023
681,1573,9073,5,Works well but expensive for what it is.,26-12-2023
682,73,9073,5,Works well but expensive for what it is.,21-11-2023
683,1552,3052,2,"Reliable product, no regrets.",05-08-2024
684,52,3052,2,"Reliable product, no regrets.",05-05-2024
685,79,4579,1,Would definitely buy again!,14-01-2024
686,1579,4579,1,Would definitely buy again!,25-09-2024
687,1533,4533,4,Good product but shipping took forever.,29-07-2024
688,33,4533,4,Good product but shipping took forever.,25-07-2024
689,1520,9020,3,"Not worth the money, save your cash.",04-11-2024
690,20,9020,3,"Not worth the money, save your cash.",18-04-2024
691,1556,7556,1,Love the design and functionality.,18-06-2024
692,56,7556,1,Love the design and functionality.,18-01-2024
693,51,1551,1,Mixed feelings about this one.,11-09-2024
694,1551,1551,1,Mixed feelings about this one.,17-01-2024
695,65,4565,2,Superior quality compared to competitors.,30-08-2024
696,1565,4565,2,Superior quality compared to competitors.,07-04-2024
697,1548,3048,4,Wish I had bought this sooner!,12-05-2024
698,48,3048,4,Wish I had bought this sooner!,06-11-2024
699,32,9032,5,"Functions perfectly, no issues so far.",20-03-2024
700,1532,9032,5,"Functions perfectly, no issues so far.",22-12-2023
701,29,9029,1,"Pretty good, room for improvement though.",26-09-2024
702,1529,9029,1,"Pretty good, room for improvement though.",28-10-2024
703,1563,63,4,Happy with the performance so far.,29-03-2024
704,63,63,4,Happy with the performance so far.,22-04-2024
705,65,7565,2,Superior quality compared to competitors.,17-12-2023
706,1565,7565,2,Superior quality compared to competitors.,31-07-2024
707,71,9071,5,Solid product despite minor flaws.,05-12-2023
708,1571,9071,5,Solid product despite minor flaws.,24-04-2024
709,61,6061,4,Better than I anticipated.,09-09-2024
710,1561,6061,4,Better than I anticipated.,01-07-2024
711,42,9042,5,Simple to set up and use daily.,07-06-2024
712,1542,9042,5,Simple to set up and use daily.,29-06-2024
713,71,71,5,Solid product despite minor flaws.,18-06-2024
714,1571,71,5,Solid product despite minor flaws.,07-12-2023
715,65,6065,2,Superior quality compared to competitors.,27-12-2023
716,1565,6065,2,Superior quality compared to competitors.,03-12-2023
717,1552,7552,2,"Reliable product, no regrets.",22-12-2023
718,52,7552,2,"Reliable product, no regrets.",28-06-2024
719,1501,6001,4,"Great product, very satisfied!",17-03-2024
720,1,6001,4,"Great product, very satisfied!",24-04-2024
721,77,77,2,Satisfied with the purchase overall.,25-05-2024
722,1577,77,2,Satisfied with the purchase overall.,12-07-2024
723,1556,4556,1,Love the design and functionality.,16-10-2024
724,56,4556,1,Love the design and functionality.,28-01-2024
725,1548,1548,4,Wish I had bought this sooner!,26-08-2024
726,48,1548,4,Wish I had bought this sooner!,08-05-2024
727,1546,3046,2,"Just average, nothing remarkable.",06-03-2024
728,46,3046,2,"Just average, nothing remarkable.",29-03-2024
729,1553,1553,5,Good features but poor execution.,15-06-2024
730,53,1553,5,Good features but poor execution.,09-02-2024
731,57,7557,3,Some improvements needed but good overall.,22-11-2023
732,1557,7557,3,Some improvements needed but good overall.,27-02-2024
733,1504,6004,1,The product arrived late but works well.,30-05-2024
734,4,6004,1,The product arrived late but works well.,06-01-2024
735,68,6068,3,Needs some refinement but promising.,15-07-2024
736,1568,6068,3,Needs some refinement but promising.,19-03-2024
737,72,7572,5,Really impressed with the quality.,04-07-2024
738,1572,7572,5,Really impressed with the quality.,26-02-2024
739,79,6079,1,Would definitely buy again!,20-02-2024
740,1579,6079,1,Would definitely buy again!,09-04-2024
741,49,9049,1,"Not the best, but gets the job done.",09-07-2024
742,1549,9049,1,"Not the best, but gets the job done.",20-05-2024
743,40,9040,2,Impressive features for the price.,18-11-2023
744,1540,9040,2,Impressive features for the price.,21-04-2024
745,1544,6044,5,Minor issues but works as intended.,17-09-2024
746,44,6044,5,Minor issues but works as intended.,29-06-2024
747,28,7528,1,"Solid construction, feels durable.",31-03-2024
748,1528,7528,1,"Solid construction, feels durable.",27-05-2024
749,72,1572,5,Really impressed with the quality.,19-07-2024
750,1572,1572,5,Really impressed with the quality.,15-08-2024
751,2,9002,1,"Not what I expected, but still decent.",28-01-2024
752,1502,9002,1,"Not what I expected, but still decent.",21-11-2023
753,39,3039,1,Some flaws but overall satisfactory.,11-10-2024
754,1539,3039,1,Some flaws but overall satisfactory.,12-07-2024
755,27,6027,5,Had some issues but support was helpful.,21-07-2024
756,1527,6027,5,Had some issues but support was helpful.,22-12-2023
757,1505,3005,1,Good value for the price.,10-12-2023
758,5,3005,1,Good value for the price.,19-07-2024
759,37,7537,5,"Does the basics well, nothing fancy.",29-07-2024
760,1537,7537,5,"Does the basics well, nothing fancy.",01-07-2024
761,36,36,2,Outstanding performance and reliability.,17-12-2023
762,1536,36,2,Outstanding performance and reliability.,27-07-2024
763,1563,3063,4,Happy with the performance so far.,25-03-2024
764,63,3063,4,Happy with the performance so far.,17-12-2023
765,51,4551,1,Mixed feelings about this one.,12-10-2024
766,1551,4551,1,Mixed feelings about this one.,30-06-2024
767,78,4578,1,Good quality but instructions unclear.,24-10-2024
768,1578,4578,1,Good quality but instructions unclear.,06-07-2024
769,27,9027,5,Had some issues but support was helpful.,19-08-2024
770,1527,9027,5,Had some issues but support was helpful.,09-09-2024
771,25,4525,1,Decent product but overpriced.,30-07-2024
772,1525,4525,1,Decent product but overpriced.,06-04-2024
773,1574,6074,2,"Fantastic product, fast shipping.",17-05-2024
774,74,6074,2,"Fantastic product, fast shipping.",23-03-2024
775,1519,4519,5,"Works as advertised, no complaints.",29-02-2024
776,19,4519,5,"Works as advertised, no complaints.",17-05-2024
777,1563,9063,4,Happy with the performance so far.,24-06-2024
778,63,9063,4,Happy with the performance so far.,10-09-2024
779,1562,9062,2,"Good product, slow delivery.",14-08-2024
780,62,9062,2,"Good product, slow delivery.",08-04-2024
781,1555,6055,3,"Decent build quality, fair price.",10-02-2024
782,55,6055,3,"Decent build quality, fair price.",03-11-2024
783,1548,7548,4,Wish I had bought this sooner!,24-06-2024
784,48,7548,4,Wish I had bought this sooner!,03-03-2024
785,65,1565,2,Superior quality compared to competitors.,29-06-2024
786,1565,1565,2,Superior quality compared to competitors.,09-08-2024
787,1511,7511,4,"Shipping was fast, product works great!",03-01-2024
788,11,7511,4,"Shipping was fast, product works great!",10-08-2024
789,1554,4554,2,Lives up to the hype completely.,22-04-2024
790,54,4554,2,Lives up to the hype completely.,02-11-2024
791,1544,4544,5,Minor issues but works as intended.,03-07-2024
792,44,4544,5,Minor issues but works as intended.,02-08-2024
793,1511,4511,4,"Shipping was fast, product works great!",16-10-2024
794,11,4511,4,"Shipping was fast, product works great!",27-03-2024
795,10,1510,2,Very impressed with the build quality.,01-04-2024
796,1510,1510,2,Very impressed with the build quality.,15-11-2024
797,1560,9060,1,Definitely recommend to others.,05-10-2024
798,60,9060,1,Definitely recommend to others.,13-03-2024
799,61,1561,4,Better than I anticipated.,06-04-2024
800,1561,1561,4,Better than I anticipated.,21-07-2024
801,37,9037,5,"Does the basics well, nothing fancy.",05-03-2024
802,1537,9037,5,"Does the basics well, nothing fancy.",10-06-2024
803,43,6043,3,"Great value, pleasantly surprised.",19-06-2024
804,1543,6043,3,"Great value, pleasantly surprised.",27-02-2024
805,36,7536,2,Outstanding performance and reliability.,17-11-2023
806,1536,7536,2,Outstanding performance and reliability.,09-06-2024
807,13,9013,5,"Perfect for my needs, highly recommend.",25-10-2024
808,1513,9013,5,"Perfect for my needs, highly recommend.",11-07-2024
809,1555,7555,3,"Decent build quality, fair price.",18-03-2024
810,55,7555,3,"Decent build quality, fair price.",03-05-2024
811,32,3032,5,"Functions perfectly, no issues so far.",17-04-2024
812,1532,3032,5,"Functions perfectly, no issues so far.",06-09-2024
813,1515,3015,3,"Lasted longer than expected, good purchase.",02-02-2024
814,15,3015,3,"Lasted longer than expected, good purchase.",17-12-2023
815,1576,9076,3,"Great features, worth the wait.",23-07-2024
816,76,9076,3,"Great features, worth the wait.",22-05-2024
817,79,79,1,Would definitely buy again!,11-04-2024
818,1579,79,1,Would definitely buy again!,21-01-2024
819,1517,9017,5,Disappointed with the overall quality.,28-02-2024
820,17,9017,5,Disappointed with the overall quality.,28-01-2024
821,42,3042,5,Simple to set up and use daily.,22-08-2024
822,1542,3042,5,Simple to set up and use daily.,10-12-2023
823,34,4534,4,Really happy with this purchase.,26-11-2023
824,1534,4534,4,Really happy with this purchase.,28-07-2024
825,1559,4559,2,Started strong but deteriorated quickly.,19-03-2024
826,59,4559,2,Started strong but deteriorated quickly.,01-01-2024
827,72,9072,5,Really impressed with the quality.,13-11-2024
828,1572,9072,5,Really impressed with the quality.,18-03-2024
829,32,4532,5,"Functions perfectly, no issues so far.",12-12-2023
830,1532,4532,5,"Functions perfectly, no issues so far.",22-05-2024
831,37,6037,5,"Does the basics well, nothing fancy.",28-09-2024
832,1537,6037,5,"Does the basics well, nothing fancy.",24-08-2024
833,1533,3033,4,Good product but shipping took forever.,11-04-2024
834,33,3033,4,Good product but shipping took forever.,05-11-2024
835,1520,4520,3,"Not worth the money, save your cash.",02-06-2024
836,20,4520,3,"Not worth the money, save your cash.",09-06-2024
837,29,4529,1,"Pretty good, room for improvement though.",10-04-2024
838,1529,4529,1,"Pretty good, room for improvement though.",15-07-2024
839,1550,1550,3,Outstanding quality and design.,11-10-2024
840,50,1550,3,Outstanding quality and design.,05-03-2024
841,28,28,1,"Solid construction, feels durable.",21-01-2024
842,1528,28,1,"Solid construction, feels durable.",24-11-2023
843,64,7564,2,Not quite what I was hoping for.,09-07-2024
844,1564,7564,2,Not quite what I was hoping for.,30-12-2023
845,1546,46,2,"Just average, nothing remarkable.",20-12-2023
846,46,46,2,"Just average, nothing remarkable.",10-01-2024
847,1576,1576,3,"Great features, worth the wait.",03-07-2024
848,76,1576,3,"Great features, worth the wait.",02-10-2024
849,1567,6067,4,Impressive attention to detail.,15-05-2024
850,67,6067,4,Impressive attention to detail.,05-04-2024
851,1533,33,4,Good product but shipping took forever.,17-06-2024
852,33,33,4,Good product but shipping took forever.,13-02-2024
853,69,6069,1,Amazing value for the features.,02-11-2024
854,1569,6069,1,Amazing value for the features.,31-01-2024
855,37,37,5,"Does the basics well, nothing fancy.",12-02-2024
856,1537,37,5,"Does the basics well, nothing fancy.",14-03-2024
857,79,1579,1,Would definitely buy again!,16-10-2024
858,1579,1579,1,Would definitely buy again!,27-08-2024
859,16,7516,4,"Customer service was excellent, product too.",12-08-2024
860,1516,7516,4,"Customer service was excellent, product too.",07-11-2024
861,61,7561,4,Better than I anticipated.,07-10-2024
862,1561,7561,4,Better than I anticipated.,07-02-2024
863,1550,3050,3,Outstanding quality and design.,26-10-2024
864,50,3050,3,Outstanding quality and design.,29-10-2024
865,1550,50,3,Outstanding quality and design.,26-08-2024
866,50,50,3,Outstanding quality and design.,01-03-2024
867,1508,9008,2,"Fantastic, exactly what I needed.",18-01-2024
868,8,9008,2,"Fantastic, exactly what I needed.",02-05-2024
869,7,7,3,Amazing! Exceeded my expectations.,30-12-2023
870,1507,7,3,Amazing! Exceeded my expectations.,17-07-2024
871,1546,6046,2,"Just average, nothing remarkable.",17-11-2023
872,46,6046,2,"Just average, nothing remarkable.",17-01-2024
873,39,6039,1,Some flaws but overall satisfactory.,24-04-2024
874,1539,6039,1,Some flaws but overall satisfactory.,26-04-2024
875,2,3002,1,"Not what I expected, but still decent.",22-02-2024
876,1502,3002,1,"Not what I expected, but still decent.",23-12-2023
877,1567,7567,4,Impressive attention to detail.,03-10-2024
878,67,7567,4,Impressive attention to detail.,29-01-2024
879,1515,9015,3,"Lasted longer than expected, good purchase.",12-06-2024
880,15,9015,3,"Lasted longer than expected, good purchase.",04-03-2024
881,1515,15,3,"Lasted longer than expected, good purchase.",22-05-2024
882,15,15,3,"Lasted longer than expected, good purchase.",21-06-2024
883,1501,4501,4,"Great product, very satisfied!",17-09-2024
884,1,4501,4,"Great product, very satisfied!",16-08-2024
885,2,6002,1,"Not what I expected, but still decent.",19-06-2024
886,1502,6002,1,"Not what I expected, but still decent.",26-08-2024
887,70,7570,3,Met my expectations perfectly.,08-08-2024
888,1570,7570,3,Met my expectations perfectly.,08-05-2024
889,23,3023,1,Nice design but functionality is lacking.,04-08-2024
890,1523,3023,1,Nice design but functionality is lacking.,16-02-2024
891,75,4575,5,Could use some improvements.,19-05-2024
892,1575,4575,5,Could use some improvements.,18-06-2024
893,1515,1515,3,"Lasted longer than expected, good purchase.",27-08-2024
894,15,1515,3,"Lasted longer than expected, good purchase.",10-04-2024
895,1567,1567,4,Impressive attention to detail.,18-08-2024
896,67,1567,4,Impressive attention to detail.,09-10-2024
897,24,6024,5,Would give it 6 stars if I could!,16-06-2024
898,1524,6024,5,Would give it 6 stars if I could!,31-08-2024
899,1560,4560,1,Definitely recommend to others.,15-04-2024
900,60,4560,1,Definitely recommend to others.,14-06-2024
901,31,9031,2,"Not as described, slightly disappointed.",21-06-2024
902,1531,9031,2,"Not as described, slightly disappointed.",12-05-2024
903,70,6070,3,Met my expectations perfectly.,11-09-2024
904,1570,6070,3,Met my expectations perfectly.,01-07-2024
905,34,3034,4,Really happy with this purchase.,30-08-2024
906,1534,3034,4,Really happy with this purchase.,04-12-2023
907,1563,7563,4,Happy with the performance so far.,23-06-2024
908,63,7563,4,Happy with the performance so far.,05-10-2024
909,61,4561,4,Better than I anticipated.,01-11-2024
910,1561,4561,4,Better than I anticipated.,09-02-2024
911,1505,7505,1,Good value for the price.,04-09-2024
912,5,7505,1,Good value for the price.,23-02-2024
913,1563,6063,4,Happy with the performance so far.,20-04-2024
914,63,6063,4,Happy with the performance so far.,23-08-2024
915,7,1507,3,Amazing! Exceeded my expectations.,28-10-2024
916,1507,1507,3,Amazing! Exceeded my expectations.,21-12-2023
917,1508,4508,2,"Fantastic, exactly what I needed.",28-02-2024
918,8,4508,2,"Fantastic, exactly what I needed.",04-09-2024
919,9,7509,2,"It is okay, does the job.",11-03-2024
920,1509,7509,2,"It is okay, does the job.",23-12-2023
921,42,42,5,Simple to set up and use daily.,12-03-2024
922,1542,42,5,Simple to set up and use daily.,28-05-2024
923,1521,4521,2,Exactly what I was looking for.,19-03-2024
924,21,4521,2,Exactly what I was looking for.,28-02-2024
925,18,4518,2,Best purchase I have made this year!,02-02-2024
926,1518,4518,2,Best purchase I have made this year!,30-11-2023
927,1562,3062,2,"Good product, slow delivery.",04-03-2024
928,62,3062,2,"Good product, slow delivery.",01-09-2024
929,78,78,1,Good quality but instructions unclear.,26-02-2024
930,1578,78,1,Good quality but instructions unclear.,08-01-2024
931,23,23,1,Nice design but functionality is lacking.,08-07-2024
932,1523,23,1,Nice design but functionality is lacking.,23-12-2023
933,6,1506,1,"The item broke after a week, not happy.",25-04-2024
934,1506,1506,1,"The item broke after a week, not happy.",16-05-2024
935,10,9010,2,Very impressed with the build quality.,28-11-2023
936,1510,9010,2,Very impressed with the build quality.,26-02-2024
937,18,18,2,Best purchase I have made this year!,29-04-2024
938,1518,18,2,Best purchase I have made this year!,29-01-2024
939,1505,4505,1,Good value for the price.,06-04-2024
940,5,4505,1,Good value for the price.,19-01-2024
941,1544,3044,5,Minor issues but works as intended.,04-11-2024
942,44,3044,5,Minor issues but works as intended.,20-07-2024
943,29,7529,1,"Pretty good, room for improvement though.",01-02-2024
944,1529,7529,1,"Pretty good, room for improvement though.",08-11-2024
945,32,7532,5,"Functions perfectly, no issues so far.",14-10-2024
946,1532,7532,5,"Functions perfectly, no issues so far.",19-04-2024
947,47,9047,1,Perfect addition to my setup.,28-03-2024
948,1547,9047,1,Perfect addition to my setup.,05-04-2024
949,1566,6066,1,Basic functionality but reliable.,28-09-2024
950,66,6066,1,Basic functionality but reliable.,27-06-2024
951,1562,6062,2,"Good product, slow delivery.",24-05-2024
952,62,6062,2,"Good product, slow delivery.",17-02-2024
953,39,39,1,Some flaws but overall satisfactory.,04-05-2024
954,1539,39,1,Some flaws but overall satisfactory.,30-01-2024
955,1566,7566,1,Basic functionality but reliable.,22-10-2024
956,66,7566,1,Basic functionality but reliable.,29-08-2024
957,1566,66,1,Basic functionality but reliable.,23-11-2023
958,66,66,1,Basic functionality but reliable.,27-04-2024
959,1545,4545,2,Exceeded my expectations completely.,27-02-2024
960,45,4545,2,Exceeded my expectations completely.,29-02-2024
961,18,9018,2,Best purchase I have made this year!,27-06-2024
962,1518,9018,2,Best purchase I have made this year!,13-06-2024
963,1505,9005,1,Good value for the price.,09-08-2024
964,5,9005,1,Good value for the price.,28-11-2023
965,1553,3053,5,Good features but poor execution.,18-03-2024
966,53,3053,5,Good features but poor execution.,10-09-2024
967,1544,44,5,Minor issues but works as intended.,27-07-2024
968,44,44,5,Minor issues but works as intended.,24-07-2024
969,29,3029,1,"Pretty good, room for improvement though.",16-10-2024
970,1529,3029,1,"Pretty good, room for improvement though.",16-01-2024
971,1552,6052,2,"Reliable product, no regrets.",25-03-2024
972,52,6052,2,"Reliable product, no regrets.",27-08-2024
973,1558,4558,3,Excellent product for daily use.,01-01-2024
974,58,4558,3,Excellent product for daily use.,11-12-2023
975,1504,4504,1,The product arrived late but works well.,28-12-2023
976,4,4504,1,The product arrived late but works well.,16-06-2024
977,27,27,5,Had some issues but support was helpful.,16-07-2024
978,1527,27,5,Had some issues but support was helpful.,06-07-2024
979,77,4577,2,Satisfied with the purchase overall.,02-06-2024
980,1577,4577,2,Satisfied with the purchase overall.,30-12-2023
981,18,6018,2,Best purchase I have made this year!,10-01-2024
982,1518,6018,2,Best purchase I have made this year!,27-07-2024
983,12,9012,4,Could be better for the price point.,25-03-2024
984,1512,9012,4,Could be better for the price point.,30-03-2024
985,40,6040,2,Impressive features for the price.,04-03-2024
986,1540,6040,2,Impressive features for the price.,20-02-2024
987,1517,4517,5,Disappointed with the overall quality.,04-04-2024
988,17,4517,5,Disappointed with the overall quality.,15-08-2024
989,1520,1520,3,"Not worth the money, save your cash.",09-04-2024
990,20,1520,3,"Not worth the money, save your cash.",05-10-2024
991,57,6057,3,Some improvements needed but good overall.,06-03-2024
992,1557,6057,3,Some improvements needed but good overall.,20-08-2024
993,64,9064,2,Not quite what I was hoping for.,23-08-2024
994,1564,9064,2,Not quite what I was hoping for.,06-04-2024
995,1535,6035,4,Quality control needs improvement.,11-06-2024
996,35,6035,4,Quality control needs improvement.,02-11-2024
997,47,6047,1,Perfect addition to my setup.,17-06-2024
998,1547,6047,1,Perfect addition to my setup.,13-10-2024
999,1526,9026,1,"Easy to use, great features.",30-09-2024
1000,26,9026,1,"Easy to use, great features.",11-10-2024
1001,1550,6050,3,Outstanding quality and design.,20-02-2024
1002,50,6050,3,Outstanding quality and design.,04-02-2024
1003,75,7575,5,Could use some improvements.,05-07-2024
1004,1575,7575,5,Could use some improvements.,15-02-2024
1005,10,4510,2,Very impressed with the build quality.,05-09-2024
1006,1510,4510,2,Very impressed with the build quality.,29-06-2024
1007,77,3077,2,Satisfied with the purchase overall.,15-07-2024
1008,1577,3077,2,Satisfied with the purchase overall.,26-11-2023
1009,1508,1508,2,"Fantastic, exactly what I needed.",25-08-2024
1010,8,1508,2,"Fantastic, exactly what I needed.",08-03-2024
1011,1545,6045,2,Exceeded my expectations completely.,23-09-2024
1012,45,6045,2,Exceeded my expectations completely.,01-01-2024
1013,1554,54,2,Lives up to the hype completely.,20-09-2024
1014,54,54,2,Lives up to the hype completely.,06-08-2024
1015,1504,4,1,The product arrived late but works well.,22-04-2024
1016,4,4,1,The product arrived late but works well.,15-05-2024
1017,2,2,1,"Not what I expected, but still decent.",31-07-2024
1018,1502,2,1,"Not what I expected, but still decent.",03-05-2024
1019,31,7531,2,"Not as described, slightly disappointed.",19-06-2024
1020,1531,7531,2,"Not as described, slightly disappointed.",07-03-2024
1021,1562,7562,2,"Good product, slow delivery.",15-12-2023
1022,62,7562,2,"Good product, slow delivery.",30-04-2024
1023,39,4539,1,Some flaws but overall satisfactory.,15-05-2024
1024,1539,4539,1,Some flaws but overall satisfactory.,04-06-2024
1025,1541,3041,3,Expected better quality materials.,19-11-2023
1026,41,3041,3,Expected better quality materials.,15-05-2024
1027,71,3071,5,Solid product despite minor flaws.,12-02-2024
1028,1571,3071,5,Solid product despite minor flaws.,24-08-2024
1029,1514,7514,2,"Average product, nothing special.",09-11-2024
1030,14,7514,2,"Average product, nothing special.",20-09-2024
1031,42,6042,5,Simple to set up and use daily.,08-06-2024
1032,1542,6042,5,Simple to set up and use daily.,07-05-2024
1033,24,9024,5,Would give it 6 stars if I could!,04-06-2024
1034,1524,9024,5,Would give it 6 stars if I could!,04-09-2024
1035,1554,7554,2,Lives up to the hype completely.,09-07-2024
1036,54,7554,2,Lives up to the hype completely.,13-06-2024
1037,69,1569,1,Amazing value for the features.,02-09-2024
1038,1569,1569,1,Amazing value for the features.,02-06-2024
1039,78,7578,1,Good quality but instructions unclear.,20-05-2024
1040,1578,7578,1,Good quality but instructions unclear.,04-02-2024
1041,79,9079,1,Would definitely buy again!,20-02-2024
1042,1579,9079,1,Would definitely buy again!,09-04-2024
1043,49,7549,1,"Not the best, but gets the job done.",29-07-2024
1044,1549,7549,1,"Not the best, but gets the job done.",07-10-2024
1045,43,4543,3,"Great value, pleasantly surprised.",31-01-2024
1046,1543,4543,3,"Great value, pleasantly surprised.",08-08-2024
1047,10,10,2,Very impressed with the build quality.,19-01-2024
1048,1510,10,2,Very impressed with the build quality.,08-07-2024
1049,1541,7541,3,Expected better quality materials.,16-06-2024
1050,41,7541,3,Expected better quality materials.,08-11-2024
1051,1508,8,2,"Fantastic, exactly what I needed.",06-06-2024
1052,8,8,2,"Fantastic, exactly what I needed.",17-06-2024
1053,1573,4573,5,Works well but expensive for what it is.,22-07-2024
1054,73,4573,5,Works well but expensive for what it is.,02-03-2024
1055,1514,9014,2,"Average product, nothing special.",08-07-2024
1056,14,9014,2,"Average product, nothing special.",08-10-2024
1057,65,65,2,Superior quality compared to competitors.,22-12-2023
1058,1565,65,2,Superior quality compared to competitors.,05-03-2024
1059,9,1509,2,"It is okay, does the job.",06-04-2024
1060,1509,1509,2,"It is okay, does the job.",12-02-2024
1061,47,4547,1,Perfect addition to my setup.,14-04-2024
1062,1547,4547,1,Perfect addition to my setup.,05-03-2024
1063,1560,1560,1,Definitely recommend to others.,24-05-2024
1064,60,1560,1,Definitely recommend to others.,06-07-2024
1065,1554,9054,2,Lives up to the hype completely.,20-11-2023
1066,54,9054,2,Lives up to the hype completely.,31-10-2024
1067,1521,9021,2,Exactly what I was looking for.,18-09-2024
1068,21,9021,2,Exactly what I was looking for.,17-07-2024
1069,25,6025,1,Decent product but overpriced.,16-11-2024
1070,1525,6025,1,Decent product but overpriced.,26-06-2024
1071,72,4572,5,Really impressed with the quality.,04-12-2023
1072,1572,4572,5,Really impressed with the quality.,19-01-2024
1073,24,1524,5,Would give it 6 stars if I could!,17-03-2024
1074,1524,1524,5,Would give it 6 stars if I could!,01-06-2024
1075,13,3013,5,"Perfect for my needs, highly recommend.",22-02-2024
1076,1513,3013,5,"Perfect for my needs, highly recommend.",13-04-2024
1077,1558,6058,3,Excellent product for daily use.,08-05-2024
1078,58,6058,3,Excellent product for daily use.,15-06-2024
1079,1508,7508,2,"Fantastic, exactly what I needed.",28-05-2024
1080,8,7508,2,"Fantastic, exactly what I needed.",23-04-2024
1081,28,4528,1,"Solid construction, feels durable.",25-07-2024
1082,1528,4528,1,"Solid construction, feels durable.",29-03-2024
1083,77,6077,2,Satisfied with the purchase overall.,16-04-2024
1084,1577,6077,2,Satisfied with the purchase overall.,24-07-2024
1085,1573,3073,5,Works well but expensive for what it is.,16-08-2024
1086,73,3073,5,Works well but expensive for what it is.,15-01-2024
1087,1546,4546,2,"Just average, nothing remarkable.",29-04-2024
1088,46,4546,2,"Just average, nothing remarkable.",13-03-2024
1089,64,3064,2,Not quite what I was hoping for.,05-12-2023
1090,1564,3064,2,Not quite what I was hoping for.,23-03-2024
1091,1554,6054,2,Lives up to the hype completely.,24-12-2023
1092,54,6054,2,Lives up to the hype completely.,18-02-2024
1093,1526,3026,1,"Easy to use, great features.",17-01-2024
1094,26,3026,1,"Easy to use, great features.",03-05-2024
1095,1576,4576,3,"Great features, worth the wait.",24-07-2024
1096,76,4576,3,"Great features, worth the wait.",09-04-2024
1097,65,3065,2,Superior quality compared to competitors.,31-03-2024
1098,1565,3065,2,Superior quality compared to competitors.,01-10-2024
1099,1552,52,2,"Reliable product, no regrets.",18-03-2024
1100,52,52,2,"Reliable product, no regrets.",09-10-2024
1101,24,4524,5,Would give it 6 stars if I could!,25-07-2024
1102,1524,4524,5,Would give it 6 stars if I could!,25-02-2024
1103,1530,3030,3,Absolutely love this product!,25-10-2024
1104,30,3030,3,Absolutely love this product!,18-12-2023
1105,1553,4553,5,Good features but poor execution.,26-01-2024
1106,53,4553,5,Good features but poor execution.,12-12-2023
